koi_score,koi_fpflag_nt,koi_fpflag_ss,koi_fpflag_co,koi_fpflag_ec,koi_ldm_coeff4,koi_ldm_coeff3,koi_ldm_coeff2,koi_ldm_coeff1,koi_max_sngle_ev,koi_max_mult_ev,koi_model_snr,koi_count,koi_num_transits,koi_tce_plnt_num,koi_bin_oedp_sig,ra,dec,koi_kepmag,koi_gmag,koi_rmag,koi_imag,koi_zmag,koi_jmag,koi_hmag,koi_kmag,koi_fwm_stat_sig,koi_fwm_sra,koi_fwm_sdec,koi_fwm_srao,koi_fwm_sdeco,koi_fwm_prao,koi_fwm_pdeco,koi_dicco_mra,koi_dicco_mdec,koi_dicco_msky,koi_dikco_mra,koi_dikco_mdec,koi_dikco_msky
0.0000,0,1,0,0,0.0000,0.0000,0.1649,0.5539,18.9654030,37.2434920,458.60,2,1765,1,0.90470,290.911190,38.335579,13.787,14.533,13.726,13.467,13.314,12.250,11.766,11.660,0.000,19.394070000,38.33556300,-0.44700,-0.06300,5.220000e-04,-9.000000e-05,-0.2840,0.1840,0.3380,-0.2760,0.1560,0.3170
0.0000,0,1,0,0,0.0000,0.0000,0.2965,0.3342,85.3856800,560.0515000,534.50,1,134,1,0.76710,281.669160,42.038639,15.212,15.639,15.167,15.029,14.965,14.144,13.767,13.712,0.256,18.777924570,42.03850140,-0.80700,-0.49900,-1.000000e-04,4.000000e-04,-0.0170,-0.0030,0.0170,0.0560,-0.1260,0.1380
0.0000,1,0,0,0,0.0000,0.0000,0.3207,0.2585,4.8018600,13.3856180,91.70,1,233,1,0.67740,295.266820,38.611240,10.963,11.130,10.907,10.884,10.893,10.142,9.983,9.936,0.937,19.684453900,38.61122000,-0.03000,-0.06000,-3.000000e-06,1.000000e-06,0.5400,-1.5700,1.6600,0.5400,-1.5500,1.6400
0.0000,0,1,0,0,0.0000,0.0000,0.3058,0.3071,90.6245400,471.5507800,322.30,1,76,1,0.02040,287.616330,39.127239,12.336,12.988,12.398,,,11.332,11.071,11.035,0.019,19.174420990,39.12722010,-0.01700,-0.06500,8.000000e-05,1.600000e-04,-0.0310,-0.0170,0.0350,-0.0370,0.0070,0.0380
0.0000,0,0,0,0,0.0000,0.0000,0.1392,0.5940,8.7045000,52.5509500,37.10,1,335,1,0.76960,289.093230,49.424484,6.974,8.261,7.227,,,5.393,4.854,4.718,0.000,19.273107000,49.42199000,7.90000,-9.00000,-2.890000e-03,3.640000e-03,-11.3000,18.7000,21.9000,-18.6000,34.0000,38.8000

